Escuela,Científica,Humanística
Escuela A,7.928894338575085,7.246782103351239
Escuela B,7.831999081594654,7.273532374135391
Escuela C,7.496261017759238,7.646634464521398
